{
  "Move_Down": 0.30549495716723357,
  "Roll_Counterclockwise": 0.2422884398939404,
  "Move_Out": 0.14908027946221442,
  "Zoom_Out": 0.4344504399030057,
  "Roll_Clockwise": 0.18776630873471736,
  "Pan_Right": 0.6272789528051179,
  "Move_In": 0.5603359668947034,
  "Tilt_Up": 0.5447288909441879,
  "all_tasks": 0.35854172991977123,
  "Pan_Left": 0.666996208733844,
  "Tilt_Down": 0.3412894314549615,
  "Zoom_In": 0.2984024749727535,
  "Move_Left": 0.2764644164110251,
  "Move_Right": 0.34465456580751813,
  "Move_Up": 0.18685616318272405,
  "Static": 0.19787262253545843
}